Row,Company,Contact Name,Title,Email,LinkedIn URL,Website/Team Page,Status,Notes
51,Genstar Capital,Ryan Clark,President & Managing Director,(awaiting enrichment),https://www.linkedin.com/in/ryan-clark-60389/,https://www.gencap.com/,Researched - Awaiting Email Enrichment,Verified via official Genstar press release and team references. President since 2015.
154,Thoma Bravo,Orlando Bravo,Founder & Managing Partner,(awaiting enrichment),https://www.linkedin.com/in/orlandobravo/,https://www.thomabravo.com/team/orlando-bravo,Researched - Awaiting Email Enrichment,Verified via official Thoma Bravo team page. Founder and managing partner.
168,Clearlake Capital Group,Behdad Eghbali,Co-Founder & Managing Partner,(awaiting enrichment),https://www.linkedin.com/in/behdad-eghbali-ba645/,https://www.clearlake.com,Researched - Awaiting Email Enrichment,Verified via Forbes and Wikipedia. Co-founded Clearlake in 2006.
696,3G Capital,Alex Behring,Co-Founder & Co-Managing Partner,(awaiting enrichment),https://www.linkedin.com/in/alex-behring-72678424/,https://www.3g-capital.com/,Researched - Awaiting Email Enrichment,Verified via official 3G Capital website. Co-founder and co-managing partner.
728,Sageview Capital,Ned Gilhuly,Co-Founder & Partner,(awaiting enrichment),https://www.linkedin.com/in/ned-gilhuly/,https://www.sageviewcapital.com/team/ned-gilhuly/,Researched - Awaiting Email Enrichment,Verified via official Sageview team page. Former KKR partner for 19 years.
730,Peak Rock Capital,Anthony DiSimone,Chief Executive Officer,(awaiting enrichment),(multiple profiles),https://www.peakrockcapital.com/team-info/anthony-disimone,Researched - Awaiting Email Enrichment,Verified via official Peak Rock team page. CEO of firm.
734,Wynnchurch Capital,Greg Gleason,Managing Partner,(awaiting enrichment),https://www.linkedin.com/in/greg-gleason-5468848/,https://www.wynnchurch.com/team/gleason-greg,Researched - Awaiting Email Enrichment,Verified via official Wynnchurch team page. Joined firm in 2008.
940,Monroe Capital,Theodore Koenig,Chairman & CEO,(awaiting enrichment),https://www.linkedin.com/in/theodore-koenig/,https://monroecap.com/team_member/theodore-l-koenig/,Researched - Awaiting Email Enrichment,Verified via official Monroe team page. Replace generic info@ email.
862,The Riverside Company,Béla Szigethy,Co-CEO,(awaiting enrichment),(available),https://www.riversidecompany.com/team/bela-szigethy-stewart-kohl/,Researched - Awaiting Email Enrichment,Verified via official Riverside team page. Co-CEO since founding in 1988.
